timestamp,project_name,run_id,experiment_id,duration,emissions,emissions_rate,cpu_power,gpu_power,ram_power,cpu_energy,gpu_energy,ram_energy,energy_consumed,country_name,country_iso_code,region,cloud_provider,cloud_region,os,python_version,codecarbon_version,cpu_count,cpu_model,gpu_count,gpu_model,longitude,latitude,ram_total_size,tracking_mode,on_cloud,pue
2025-02-21T08:56:17,original_workflow,9e43acd3-528b-4322-a52e-451ea25d4d6d,5b0fa12a-3dd7-45bb-9766-cc326314d9f1,0.6017188509999869,1.7390691156679436e-05,2.890168909911685e-05,140.0,0.0,5.852434158325195,2.3398958022226503e-05,0.0,9.76836411622175e-07,2.437579443384868e-05,India,IND,maharashtra,,,Linux-6.5.0-1025-azure-x86_64-with-glibc2.31,3.12.1,2.8.3,4,AMD EPYC 7763 64-Core Processor,,,73.8502,18.5211,15.606491088867188,machine,N,1.0
2025-02-21T08:56:17,optimized_workflow,b1c56d7c-455a-4452-9321-bc6e99018131,5b0fa12a-3dd7-45bb-9766-cc326314d9f1,0.6011359300000549,1.737448338335545e-05,2.8902753131648383e-05,140.0,0.0,5.852434158325195,2.33764837055623e-05,0.0,9.76592979623236e-07,2.435307668518553e-05,India,IND,maharashtra,,,Linux-6.5.0-1025-azure-x86_64-with-glibc2.31,3.12.1,2.8.3,4,AMD EPYC 7763 64-Core Processor,,,73.8502,18.5211,15.606491088867188,machine,N,1.0
2025-02-22T10:54:40,original_workflow,084f7c6f-d287-42d4-a303-213059dc39ec,5b0fa12a-3dd7-45bb-9766-cc326314d9f1,0.5398615000000007,6.865321131787572e-06,1.2716819280107143e-05,42.5,16.43468383666741,5.861181735992432,6.316739583333348e-06,2.4427797319999563e-06,8.633102273865162e-07,9.622829542719822e-06,India,IND,tamil nadu,,,Windows-10-10.0.26100-SP0,3.9.11,2.8.3,12,12th Gen Intel(R) Core(TM) i5-12450H,1.0,1 x NVIDIA GeForce RTX 3050 Laptop GPU,80.2739,13.0895,15.629817962646484,machine,N,1.0
2025-02-22T10:54:40,optimized_workflow,a0a5851f-0fef-4080-b488-764aa8c7db60,5b0fa12a-3dd7-45bb-9766-cc326314d9f1,0.4320878999999991,6.825439131335946e-06,1.5796413487477804e-05,42.5,31.628749103697743,5.861181735992432,5.087192152777778e-06,3.786114139999949e-06,6.936223408947779e-07,9.566928633672503e-06,India,IND,tamil nadu,,,Windows-10-10.0.26100-SP0,3.9.11,2.8.3,12,12th Gen Intel(R) Core(TM) i5-12450H,1.0,1 x NVIDIA GeForce RTX 3050 Laptop GPU,80.2739,13.0895,15.629817962646484,machine,N,1.0
2025-02-22T11:24:15,original_workflow,af3f1e13-c44a-464b-8b42-1ae58defbc2f,5b0fa12a-3dd7-45bb-9766-cc326314d9f1,0.4342123000000004,3.5364264725278323e-08,8.144464061768467e-08,42.5,75.50889261726189,5.861181735992432,5.10680118055556e-06,9.073618369999804e-06,6.959002240522305e-07,1.4876319774607594e-05,Canada,CAN,quebec,,,Windows-10-10.0.26100-SP0,3.9.11,2.8.3,12,12th Gen Intel(R) Core(TM) i5-12450H,1.0,1 x NVIDIA GeForce RTX 3050 Laptop GPU,-71.2,46.8,15.629817962646484,machine,N,1.0
2025-02-22T11:24:16,optimized_workflow,fde5d0e0-f5e8-4e5b-8623-9ad414bd573e,5b0fa12a-3dd7-45bb-9766-cc326314d9f1,0.5293240999999984,8.77908298869067e-06,1.658545867964579e-05,42.5,35.60057901847225,5.861181735992432,6.234628402777777e-06,5.22278195599999e-06,8.47858035792589e-07,1.2305268394570356e-05,India,IND,tamil nadu,,,Windows-10-10.0.26100-SP0,3.9.11,2.8.3,12,12th Gen Intel(R) Core(TM) i5-12450H,1.0,1 x NVIDIA GeForce RTX 3050 Laptop GPU,80.2739,13.0895,15.629817962646484,machine,N,1.0
2025-02-22T11:56:49,original_workflow,b41ef8c1-b6fd-4e0b-84a2-59cbc891ef9d,5b0fa12a-3dd7-45bb-9766-cc326314d9f1,0.5229058000000002,9.3493658716116e-06,1.7879636966374434e-05,42.5,42.12606715630762,5.861181735992432,6.158649027777782e-06,6.104727106001108e-06,8.412335979460893e-07,1.310460973172498e-05,India,IND,tamil nadu,,,Windows-10-10.0.26100-SP0,3.9.11,2.8.3,12,12th Gen Intel(R) Core(TM) i5-12450H,1.0,1 x NVIDIA GeForce RTX 3050 Laptop GPU,80.2739,13.0895,15.629817962646484,machine,N,1.0
2025-02-22T11:56:50,optimized_workflow,c88de4cd-b31c-4a27-a1f5-eb7e29a2e0fe,5b0fa12a-3dd7-45bb-9766-cc326314d9f1,0.5421087,4.7094503852581334e-08,8.687280586454586e-08,42.5,83.54812014162009,5.861181735992432,6.38534756944444e-06,1.2553065597999472e-05,8.72345076221945e-07,1.981075824366585e-05,Canada,CAN,quebec,,,Windows-10-10.0.26100-SP0,3.9.11,2.8.3,12,12th Gen Intel(R) Core(TM) i5-12450H,1.0,1 x NVIDIA GeForce RTX 3050 Laptop GPU,-71.2,46.8,15.629817962646484,machine,N,1.0
2025-02-22T12:02:37,original_workflow,3a4ef204-77f4-48f2-890d-9e705136c567,5b0fa12a-3dd7-45bb-9766-cc326314d9f1,0.543735100000001,4.1203551814528656e-08,7.577872352645356e-08,42.5,66.66902933081265,5.861181735992432,6.4069234027777766e-06,1.0050841374000148e-05,8.749075523147977e-07,1.733267232909272e-05,Canada,CAN,quebec,,,Windows-10-10.0.26100-SP0,3.9.11,2.8.3,12,12th Gen Intel(R) Core(TM) i5-12450H,1.0,1 x NVIDIA GeForce RTX 3050 Laptop GPU,-71.2,46.8,15.629817962646484,machine,N,1.0
2025-02-22T12:02:38,optimized_workflow,c43fcb94-af89-45af-b16b-a4c861c9d7ee,5b0fa12a-3dd7-45bb-9766-cc326314d9f1,0.6402989000000012,6.967404013070115e-06,1.0881486776051157e-05,42.5,6.688679779556449,5.861181735992432,7.54689027777779e-06,1.1877787280002022e-06,1.0312457833497915e-06,9.765914789127784e-06,India,IND,tamil nadu,,,Windows-10-10.0.26100-SP0,3.9.11,2.8.3,12,12th Gen Intel(R) Core(TM) i5-12450H,1.0,1 x NVIDIA GeForce RTX 3050 Laptop GPU,80.2739,13.0895,15.629817962646484,machine,N,1.0
2025-02-22T13:05:42,original_workflow,03e7cc3b-daf3-4f61-a55a-58cfb966d2d3,5b0fa12a-3dd7-45bb-9766-cc326314d9f1,0.6539512999999992,5.9003370635147643e-08,9.022593981409274e-08,42.5,88.51227264668097,5.861181735992432,7.70962749999999e-06,1.6056957290001145e-05,1.053753372458422e-06,2.482033816245956e-05,Canada,CAN,quebec,,,Windows-10-10.0.26100-SP0,3.9.11,2.8.3,12,12th Gen Intel(R) Core(TM) i5-12450H,1.0,1 x NVIDIA GeForce RTX 3050 Laptop GPU,-71.2,46.8,15.629817962646484,machine,N,1.0
2025-02-22T13:05:43,optimized_workflow,3118362d-d14f-4a00-b087-382e101fe17a,5b0fa12a-3dd7-45bb-9766-cc326314d9f1,0.4064033000000009,3.056518019484074e-08,7.520898623323351e-08,42.5,65.92618024645274,5.861181735992432,4.784727916666682e-06,7.422505938001547e-06,6.50304626032511e-07,1.285753848070074e-05,Canada,CAN,quebec,,,Windows-10-10.0.26100-SP0,3.9.11,2.8.3,12,12th Gen Intel(R) Core(TM) i5-12450H,1.0,1 x NVIDIA GeForce RTX 3050 Laptop GPU,-71.2,46.8,15.629817962646484,machine,N,1.0
2025-02-22T13:19:50,original_workflow,2b91af0d-c773-4f3f-8c4d-893303bbd6f9,5b0fa12a-3dd7-45bb-9766-cc326314d9f1,1.297832000000014,1.4985728727927056e-05,1.1546740046421183e-05,42.5,9.973879289246767,5.861181735992432,1.53102247916667e-05,3.5930584300000734e-06,2.1015773455378827e-06,2.1004860567204656e-05,India,IND,tamil nadu,,,Windows-10-10.0.26100-SP0,3.9.11,2.8.3,12,12th Gen Intel(R) Core(TM) i5-12450H,1.0,1 x NVIDIA GeForce RTX 3050 Laptop GPU,80.2739,13.0895,15.629817962646484,machine,N,1.0
2025-02-22T13:19:51,optimized_workflow,2e394abe-a03b-4261-bd4b-eb4d8e1e1460,5b0fa12a-3dd7-45bb-9766-cc326314d9f1,0.7673241000000104,1.0781224787672812e-05,1.405041857498372e-05,42.5,22.67558347999104,5.861181735992432,9.046704652777788e-06,4.82694830599914e-06,1.2379327051711953e-06,1.5111585663948124e-05,India,IND,tamil nadu,,,Windows-10-10.0.26100-SP0,3.9.11,2.8.3,12,12th Gen Intel(R) Core(TM) i5-12450H,1.0,1 x NVIDIA GeForce RTX 3050 Laptop GPU,80.2739,13.0895,15.629817962646484,machine,N,1.0
2025-02-22T17:35:02,original_workflow,16d03f12-68c0-4fa9-936f-c56f44b8621f,5b0fa12a-3dd7-45bb-9766-cc326314d9f1,1.3236595999999992,1.3797829559684568e-05,1.042400142731906e-05,42.5,4.366449241885442,5.861154556274414,1.560003937500012e-05,1.6027790600003922e-06,2.137014234673039e-06,1.933983266967355e-05,India,IND,tamil nadu,,,Windows-10-10.0.26100-SP0,3.9.11,2.8.3,16,12th Gen Intel(R) Core(TM) i5-12500H,1.0,1 x NVIDIA GeForce RTX 3050 Laptop GPU,80.2739,13.0895,15.629745483398438,machine,N,1.0
2025-02-22T17:35:02,optimized_workflow,e2cae22f-0a08-4d6d-8c9e-04955e13a1b9,5b0fa12a-3dd7-45bb-9766-cc326314d9f1,0.6671508999999958,6.986532025472053e-06,1.0472191561867184e-05,42.5,4.650782354364779,5.861154556274414,7.861164791666712e-06,8.602784659986207e-07,1.0712824554238409e-06,9.792725713089171e-06,India,IND,tamil nadu,,,Windows-10-10.0.26100-SP0,3.9.11,2.8.3,16,12th Gen Intel(R) Core(TM) i5-12500H,1.0,1 x NVIDIA GeForce RTX 3050 Laptop GPU,80.2739,13.0895,15.629745483398438,machine,N,1.0
2025-02-22T17:44:55,original_workflow,fcc7c123-0a65-49f9-ace5-9f16be8ac252,5b0fa12a-3dd7-45bb-9766-cc326314d9f1,1.3275530999999994,1.3804843656921342e-05,1.0398712983248165e-05,42.5,4.211000571993854,5.861154556274414,1.5654497222222193e-05,1.551112351998174e-06,2.1440544581541987e-06,1.9349664032374565e-05,India,IND,tamil nadu,,,Windows-10-10.0.26100-SP0,3.9.11,2.8.3,16,12th Gen Intel(R) Core(TM) i5-12500H,1.0,1 x NVIDIA GeForce RTX 3050 Laptop GPU,80.2739,13.0895,15.629745483398438,machine,N,1.0
2025-02-22T17:44:56,optimized_workflow,4ed4acd6-e969-419b-9ed1-a79d8ce44175,5b0fa12a-3dd7-45bb-9766-cc326314d9f1,0.668907800000003,6.975531801629468e-06,1.0428241084390758e-05,42.5,4.420899157425346,5.861154556274414,7.882755972222262e-06,8.200006559946904e-07,1.0745505375185026e-06,9.777307165735457e-06,India,IND,tamil nadu,,,Windows-10-10.0.26100-SP0,3.9.11,2.8.3,16,12th Gen Intel(R) Core(TM) i5-12500H,1.0,1 x NVIDIA GeForce RTX 3050 Laptop GPU,80.2739,13.0895,15.629745483398438,machine,N,1.0
2025-02-22T17:54:28,original_workflow,aac4654c-e8ee-4c48-89d2-559af5d043de,5b0fa12a-3dd7-45bb-9766-cc326314d9f1,1.3137846000000015,1.3738180835223978e-05,1.0456950732429017e-05,42.5,4.493502534921372,5.861154556274414,1.549523083333335e-05,1.6383346439982629e-06,2.1226601043548595e-06,1.9256225581686472e-05,India,IND,tamil nadu,,,Windows-10-10.0.26100-SP0,3.9.11,2.8.3,16,12th Gen Intel(R) Core(TM) i5-12500H,1.0,1 x NVIDIA GeForce RTX 3050 Laptop GPU,80.2739,13.0895,15.629745483398438,machine,N,1.0
2025-02-22T17:54:29,optimized_workflow,c9b86156-1914-4196-a30c-ae4a9393c4b9,5b0fa12a-3dd7-45bb-9766-cc326314d9f1,0.6666735999999993,6.992148660050967e-06,1.048811391369176e-05,42.5,4.7310075947196815,5.861154556274414,7.855076666666658e-06,8.744451440029222e-07,1.071076500965115e-06,9.800598311634694e-06,India,IND,tamil nadu,,,Windows-10-10.0.26100-SP0,3.9.11,2.8.3,16,12th Gen Intel(R) Core(TM) i5-12500H,1.0,1 x NVIDIA GeForce RTX 3050 Laptop GPU,80.2739,13.0895,15.629745483398438,machine,N,1.0
2025-02-22T17:58:18,original_workflow,e22ad602-37e6-43ac-b3b0-18b8b64363ff,5b0fa12a-3dd7-45bb-9766-cc326314d9f1,1.3203327999999992,1.384207323582104e-05,1.048377593574972e-05,42.5,4.628368590657908,5.861154556274414,1.557416513888887e-05,1.6961124679956696e-06,2.1315695477099388e-06,1.940184715459448e-05,India,IND,tamil nadu,,,Windows-10-10.0.26100-SP0,3.9.11,2.8.3,16,12th Gen Intel(R) Core(TM) i5-12500H,1.0,1 x NVIDIA GeForce RTX 3050 Laptop GPU,80.2739,13.0895,15.629745483398438,machine,N,1.0
2025-02-22T17:58:18,optimized_workflow,d18e19ea-f420-4f19-b182-0e987c02d19c,5b0fa12a-3dd7-45bb-9766-cc326314d9f1,0.4486296000000003,4.645581535769429e-06,1.0355049100124972e-05,42.5,4.203659672354859,5.861154556274414,5.282289583333307e-06,5.225004180015036e-07,7.067246659879672e-07,6.511514667322777e-06,India,IND,tamil nadu,,,Windows-10-10.0.26100-SP0,3.9.11,2.8.3,16,12th Gen Intel(R) Core(TM) i5-12500H,1.0,1 x NVIDIA GeForce RTX 3050 Laptop GPU,80.2739,13.0895,15.629745483398438,machine,N,1.0
2025-02-22T18:03:50,original_workflow,69414f40-d4f8-4836-bff4-776fb61aecfb,5b0fa12a-3dd7-45bb-9766-cc326314d9f1,1.3161953000000004,1.3980892039327713e-05,1.0622201765442943e-05,42.5,5.324834898770941,5.861154556274414,1.5523650347222215e-05,1.94500155600158e-06,2.127771682367321e-06,1.959642358559112e-05,India,IND,tamil nadu,,,Windows-10-10.0.26100-SP0,3.9.11,2.8.3,16,12th Gen Intel(R) Core(TM) i5-12500H,1.0,1 x NVIDIA GeForce RTX 3050 Laptop GPU,80.2739,13.0895,15.629745483398438,machine,N,1.0
2025-02-22T18:03:50,optimized_workflow,2878e249-79f2-4006-9104-c1c2cf9cd58c,5b0fa12a-3dd7-45bb-9766-cc326314d9f1,0.6684356999999999,7.129631925708052e-06,1.0666144740186758e-05,42.5,5.705333764905783,5.861154556274414,7.86681374999996e-06,1.056111955999306e-06,1.0703770698547324e-06,9.993302775853996e-06,India,IND,tamil nadu,,,Windows-10-10.0.26100-SP0,3.9.11,2.8.3,16,12th Gen Intel(R) Core(TM) i5-12500H,1.0,1 x NVIDIA GeForce RTX 3050 Laptop GPU,80.2739,13.0895,15.629745483398438,machine,N,1.0
2025-02-22T18:10:32,original_workflow,029e96db-186b-4a88-b568-eb95cdbbba73,5b0fa12a-3dd7-45bb-9766-cc326314d9f1,1.3231931999999986,1.3770760180615608e-05,1.0407218069602854e-05,42.5,4.25713699776907,5.861154556274414,1.560646277777776e-05,1.5633345839954904e-06,2.1320933069934824e-06,1.9301890668766734e-05,India,IND,tamil nadu,,,Windows-10-10.0.26100-SP0,3.9.11,2.8.3,16,12th Gen Intel(R) Core(TM) i5-12500H,1.0,1 x NVIDIA GeForce RTX 3050 Laptop GPU,80.2739,13.0895,15.629745483398438,machine,N,1.0
2025-02-22T18:10:32,optimized_workflow,4ec1a947-8326-4d5f-afcb-94614066d338,5b0fa12a-3dd7-45bb-9766-cc326314d9f1,0.5527596000000017,5.757450355995405e-06,1.0415830599767762e-05,42.5,4.416950248440345,5.861154556274414,6.510583263888926e-06,6.766672080021907e-07,8.827235778136302e-07,8.069974049704748e-06,India,IND,tamil nadu,,,Windows-10-10.0.26100-SP0,3.9.11,2.8.3,16,12th Gen Intel(R) Core(TM) i5-12500H,1.0,1 x NVIDIA GeForce RTX 3050 Laptop GPU,80.2739,13.0895,15.629745483398438,machine,N,1.0
2025-02-22T18:14:51,original_workflow,80e62090-c471-4bc7-b5c9-f1e62d914c21,5b0fa12a-3dd7-45bb-9766-cc326314d9f1,1.3291559999999976,1.3923436816277098e-05,1.04753970311063e-05,42.5,4.66725489405606,5.861154556274414,1.56544547222222e-05,1.7191680420011737e-06,2.142268271303175e-06,1.951589103552655e-05,India,IND,tamil nadu,,,Windows-10-10.0.26100-SP0,3.9.11,2.8.3,16,12th Gen Intel(R) Core(TM) i5-12500H,1.0,1 x NVIDIA GeForce RTX 3050 Laptop GPU,80.2739,13.0895,15.629745483398438,machine,N,1.0
2025-02-22T18:14:52,optimized_workflow,2c11dfcf-8c57-47d0-baac-6041210808f8,5b0fa12a-3dd7-45bb-9766-cc326314d9f1,0.5592082000000005,5.773193264381898e-06,1.0323870902432926e-05,42.5,3.992746660925539,5.861154556274414,6.581388263888891e-06,6.183338279938666e-07,8.923181250123993e-07,8.092040216895157e-06,India,IND,tamil nadu,,,Windows-10-10.0.26100-SP0,3.9.11,2.8.3,16,12th Gen Intel(R) Core(TM) i5-12500H,1.0,1 x NVIDIA GeForce RTX 3050 Laptop GPU,80.2739,13.0895,15.629745483398438,machine,N,1.0
2025-02-22T18:37:20,original_workflow,a74b177d-1867-40e6-af54-5a45ac8e89df,5b0fa12a-3dd7-45bb-9766-cc326314d9f1,1.3162178000000004,1.381912402839873e-05,1.0499116505185332e-05,42.5,4.697663573781143,5.861154556274414,1.5525466041666655e-05,1.7161124839931707e-06,2.128101697930814e-06,1.936968022359064e-05,India,IND,tamil nadu,,,Windows-10-10.0.26100-SP0,3.9.11,2.8.3,16,12th Gen Intel(R) Core(TM) i5-12500H,1.0,1 x NVIDIA GeForce RTX 3050 Laptop GPU,80.2739,13.0895,15.629745483398438,machine,N,1.0
2025-02-22T18:37:21,optimized_workflow,8f54003c-709d-48fb-ba72-9acfe79ad7eb,5b0fa12a-3dd7-45bb-9766-cc326314d9f1,0.5539132000000002,5.846046711054944e-06,1.0554084486621623e-05,42.5,5.074373592607569,5.861154556274414,6.527909097222236e-06,7.794450680026488e-07,8.868016389060019e-07,8.194155804130887e-06,India,IND,tamil nadu,,,Windows-10-10.0.26100-SP0,3.9.11,2.8.3,16,12th Gen Intel(R) Core(TM) i5-12500H,1.0,1 x NVIDIA GeForce RTX 3050 Laptop GPU,80.2739,13.0895,15.629745483398438,machine,N,1.0
2025-02-22T18:39:30,original_workflow,f15cc1b3-0566-4fb3-a939-fddcc0040718,5b0fa12a-3dd7-45bb-9766-cc326314d9f1,1.3181550999999985,1.3856930442574632e-05,1.0512367203658089e-05,42.5,4.760316376283606,5.861154556274414,1.5549257777777768e-05,1.74166805999576e-06,2.131746033586025e-06,1.942267187135956e-05,India,IND,tamil nadu,,,Windows-10-10.0.26100-SP0,3.9.11,2.8.3,16,12th Gen Intel(R) Core(TM) i5-12500H,1.0,1 x NVIDIA GeForce RTX 3050 Laptop GPU,80.2739,13.0895,15.629745483398438,machine,N,1.0
2025-02-22T18:39:30,optimized_workflow,9d0d9a06-7120-4b84-b246-82c3a8bb354d,5b0fa12a-3dd7-45bb-9766-cc326314d9f1,0.5628946999999975,5.784559856549297e-06,1.027645109564777e-05,42.5,4.024837900729712,5.861154556274414,6.590544652777748e-06,6.24167166000944e-07,8.932604684171627e-07,8.107972287195854e-06,India,IND,tamil nadu,,,Windows-10-10.0.26100-SP0,3.9.11,2.8.3,16,12th Gen Intel(R) Core(TM) i5-12500H,1.0,1 x NVIDIA GeForce RTX 3050 Laptop GPU,80.2739,13.0895,15.629745483398438,machine,N,1.0
2025-02-22T18:41:03,original_workflow,9d1c942f-ea6a-499f-b0a5-62bb3524a720,5b0fa12a-3dd7-45bb-9766-cc326314d9f1,1.3213982999999985,1.3888737628277487e-05,1.0510636821825414e-05,42.5,4.7667235201824285,5.861154556274414,1.5585276527777758e-05,1.748056953999877e-06,2.1339211731657843e-06,1.946725465494342e-05,India,IND,tamil nadu,,,Windows-10-10.0.26100-SP0,3.9.11,2.8.3,16,12th Gen Intel(R) Core(TM) i5-12500H,1.0,1 x NVIDIA GeForce RTX 3050 Laptop GPU,80.2739,13.0895,15.629745483398438,machine,N,1.0
2025-02-22T18:41:04,optimized_workflow,e8b5e7fe-f73e-4ef2-9728-654fc24293a5,5b0fa12a-3dd7-45bb-9766-cc326314d9f1,0.6740704999999991,6.986330605046383e-06,1.0364391565936193e-05,42.5,4.271623592892339,5.861154556274414,7.917739375000013e-06,7.958339700020467e-07,1.078870045616622e-06,9.792443390618682e-06,India,IND,tamil nadu,,,Windows-10-10.0.26100-SP0,3.9.11,2.8.3,16,12th Gen Intel(R) Core(TM) i5-12500H,1.0,1 x NVIDIA GeForce RTX 3050 Laptop GPU,80.2739,13.0895,15.629745483398438,machine,N,1.0
2025-02-22T18:41:49,original_workflow,aa1a8fd3-07f0-43cc-822c-93a2035b3268,5b0fa12a-3dd7-45bb-9766-cc326314d9f1,1.3162905999999983,1.3925822732337153e-05,1.0579595973971984e-05,42.5,5.157721679753168,5.861154556274414,1.5511609861111113e-05,1.8825015059981127e-06,2.125123905796528e-06,1.9519235272905752e-05,India,IND,tamil nadu,,,Windows-10-10.0.26100-SP0,3.9.11,2.8.3,16,12th Gen Intel(R) Core(TM) i5-12500H,1.0,1 x NVIDIA GeForce RTX 3050 Laptop GPU,80.2739,13.0895,15.629745483398438,machine,N,1.0
2025-02-22T18:41:49,optimized_workflow,becdff98-7fde-4e67-9f62-1a82f19584c7,5b0fa12a-3dd7-45bb-9766-cc326314d9f1,0.663053699999999,7.051433438278797e-06,1.0634784842130898e-05,42.5,5.484178390684745,5.861154556274414,7.813828055555547e-06,1.008334140004119e-06,1.061533076058866e-06,9.883695271618532e-06,India,IND,tamil nadu,,,Windows-10-10.0.26100-SP0,3.9.11,2.8.3,16,12th Gen Intel(R) Core(TM) i5-12500H,1.0,1 x NVIDIA GeForce RTX 3050 Laptop GPU,80.2739,13.0895,15.629745483398438,machine,N,1.0
2025-02-22T18:49:00,original_workflow,e94bd92d-a528-46dd-a118-9f5797ee1bcd,5b0fa12a-3dd7-45bb-9766-cc326314d9f1,1.3189409000000012,1.3879148610672085e-05,1.0522949595900826e-05,42.5,4.816710267213179,5.861154556274414,1.5558430694444426e-05,1.7633347439982572e-06,2.13204869709492e-06,1.9453814135537603e-05,India,IND,tamil nadu,,,Windows-10-10.0.26100-SP0,3.9.11,2.8.3,16,12th Gen Intel(R) Core(TM) i5-12500H,1.0,1 x NVIDIA GeForce RTX 3050 Laptop GPU,80.2739,13.0895,15.629745483398438,machine,N,1.0
2025-02-22T18:49:01,optimized_workflow,453dad95-bc00-4c67-ab15-9ac2c8d78d5a,5b0fa12a-3dd7-45bb-9766-cc326314d9f1,0.6648676000000009,7.006867624693689e-06,1.053874128427025e-05,42.5,4.970990737206162,5.861154556274414,7.836847708333363e-06,9.166673999930208e-07,1.0677141519680038e-06,9.821229260294388e-06,India,IND,tamil nadu,,,Windows-10-10.0.26100-SP0,3.9.11,2.8.3,16,12th Gen Intel(R) Core(TM) i5-12500H,1.0,1 x NVIDIA GeForce RTX 3050 Laptop GPU,80.2739,13.0895,15.629745483398438,machine,N,1.0
2025-02-22T23:10:50,original_workflow,657bdd06-02a8-4364-8b0c-e7ca90155497,5b0fa12a-3dd7-45bb-9766-cc326314d9f1,1.3252968000000005,1.4897394664911308e-05,1.124079878930614e-05,42.5,8.468877292176375,5.861154556274414,1.5626403541666672e-05,3.113891379996625e-06,2.140751534751892e-06,2.0881046456415187e-05,India,IND,tamil nadu,,,Windows-10-10.0.26100-SP0,3.9.11,2.8.3,16,12th Gen Intel(R) Core(TM) i5-12500H,1.0,1 x NVIDIA GeForce RTX 3050 Laptop GPU,80.2739,13.0895,15.629745483398438,machine,N,1.0
2025-02-22T23:10:51,optimized_workflow,b8615efa-2d6a-4811-a2bb-d377f69b271c,5b0fa12a-3dd7-45bb-9766-cc326314d9f1,0.6671723000000007,1.7724619353701807e-05,2.656677945667377e-05,42.5,86.01267490320923,5.861154556274414,7.862188333333345e-06,1.5912234952009108e-05,1.0694241438097958e-06,2.4843847429152247e-05,India,IND,tamil nadu,,,Windows-10-10.0.26100-SP0,3.9.11,2.8.3,16,12th Gen Intel(R) Core(TM) i5-12500H,1.0,1 x NVIDIA GeForce RTX 3050 Laptop GPU,80.2739,13.0895,15.629745483398438,machine,N,1.0
2025-02-22T23:30:16,original_workflow,ddbd30de-2e17-4071-a2e8-45030589fe9b,5b0fa12a-3dd7-45bb-9766-cc326314d9f1,1.3290103000000002,1.645969324103773e-05,1.2384925264339734e-05,42.5,14.447553469634457,5.861154556274414,1.562243215277778e-05,5.310837582005179e-06,2.1375843947634672e-06,2.3070854129546426e-05,India,IND,tamil nadu,,,Windows-10-10.0.26100-SP0,3.9.11,2.8.3,16,12th Gen Intel(R) Core(TM) i5-12500H,1.0,1 x NVIDIA GeForce RTX 3050 Laptop GPU,80.2739,13.0895,15.629745483398438,machine,N,1.0
2025-02-22T23:30:17,optimized_workflow,70155eae-2d4d-45b3-89a9-0d3aa3377421,5b0fa12a-3dd7-45bb-9766-cc326314d9f1,0.7805421000000017,1.0714234266763683e-05,1.3726657750765346e-05,42.5,21.09950243605931,5.861154556274414,9.199840416666666e-06,4.56750365399744e-06,1.250343820505147e-06,1.5017687891169254e-05,India,IND,tamil nadu,,,Windows-10-10.0.26100-SP0,3.9.11,2.8.3,16,12th Gen Intel(R) Core(TM) i5-12500H,1.0,1 x NVIDIA GeForce RTX 3050 Laptop GPU,80.2739,13.0895,15.629745483398438,machine,N,1.0
2025-02-22T23:52:03,original_workflow,21c567e5-b373-479f-a61b-67602f21eb75,5b0fa12a-3dd7-45bb-9766-cc326314d9f1,1.327042200000001,1.584945430052448e-05,1.1943444074743416e-05,42.5,11.983784286016762,5.861154556274414,1.565536256944446e-05,4.414447975997771e-06,2.1456975351481445e-06,2.2215508080590377e-05,India,IND,tamil nadu,,,Windows-10-10.0.26100-SP0,3.9.11,2.8.3,16,12th Gen Intel(R) Core(TM) i5-12500H,1.0,1 x NVIDIA GeForce RTX 3050 Laptop GPU,80.2739,13.0895,15.629745483398438,machine,N,1.0
2025-02-22T23:52:04,optimized_workflow,b03fe08a-7a67-48b2-b7ef-341efc7af637,5b0fa12a-3dd7-45bb-9766-cc326314d9f1,0.7715782000000004,1.4518424492841508e-05,1.881653018817989e-05,42.5,46.75378830975784,5.861154556274414,9.098717569444444e-06,1.0009730229999791e-05,1.2414122350106228e-06,2.034986003445485e-05,India,IND,tamil nadu,,,Windows-10-10.0.26100-SP0,3.9.11,2.8.3,16,12th Gen Intel(R) Core(TM) i5-12500H,1.0,1 x NVIDIA GeForce RTX 3050 Laptop GPU,80.2739,13.0895,15.629745483398438,machine,N,1.0
2025-02-23T00:35:36,original_workflow,0acf410a-19d8-4323-bb36-9d712c7606dc,5b0fa12a-3dd7-45bb-9766-cc326314d9f1,1.3207419000000016,1.610968761647436e-05,1.2197453277187876e-05,42.5,13.313898833401552,5.861154556274414,1.5570081597222216e-05,4.8777816799988605e-06,2.1324028085160253e-06,2.25802660857371e-05,India,IND,tamil nadu,,,Windows-10-10.0.26100-SP0,3.9.11,2.8.3,16,12th Gen Intel(R) Core(TM) i5-12500H,1.0,1 x NVIDIA GeForce RTX 3050 Laptop GPU,80.2739,13.0895,15.629745483398438,machine,N,1.0
2025-02-23T00:35:37,optimized_workflow,9842a137-7319-4086-82db-df913c4af063,5b0fa12a-3dd7-45bb-9766-cc326314d9f1,0.7850251999999998,1.1111642238002584e-05,1.4154503878350132e-05,42.5,23.4189828651903,5.861154556274414,9.230310555555548e-06,5.0863929580008405e-06,1.2580142809109685e-06,1.5574717794467355e-05,India,IND,tamil nadu,,,Windows-10-10.0.26100-SP0,3.9.11,2.8.3,16,12th Gen Intel(R) Core(TM) i5-12500H,1.0,1 x NVIDIA GeForce RTX 3050 Laptop GPU,80.2739,13.0895,15.629745483398438,machine,N,1.0
2025-02-23T02:07:19,original_workflow,565da27f-e122-413e-95ae-1d22f995ad7e,5b0fa12a-3dd7-45bb-9766-cc326314d9f1,1.3175628999999986,1.526106455126279e-05,1.1582797717864404e-05,42.5,10.433754175394766,5.861154556274414,1.5473689236111126e-05,3.798891927989101e-06,2.1182059525117886e-06,2.139078711661201e-05,India,IND,tamil nadu,,,Windows-10-10.0.26100-SP0,3.9.11,2.8.3,16,12th Gen Intel(R) Core(TM) i5-12500H,1.0,1 x NVIDIA GeForce RTX 3050 Laptop GPU,80.2739,13.0895,15.629745483398438,machine,N,1.0
2025-02-23T02:07:21,optimized_workflow,a21def58-8ea6-4ca0-887a-3e6dab9770e7,5b0fa12a-3dd7-45bb-9766-cc326314d9f1,1.2128186999999997,1.6916328448080808e-05,1.3947944938580523e-05,42.5,22.299150041384635,5.861154556274414,1.4268572222222198e-05,7.486672656015214e-06,1.955655459815501e-06,2.371090033805292e-05,India,IND,tamil nadu,,,Windows-10-10.0.26100-SP0,3.9.11,2.8.3,16,12th Gen Intel(R) Core(TM) i5-12500H,1.0,1 x NVIDIA GeForce RTX 3050 Laptop GPU,80.2739,13.0895,15.629745483398438,machine,N,1.0
2025-02-23T02:13:06,original_workflow,f5f1a637-6a21-4eae-8269-3a1323006cc7,5b0fa12a-3dd7-45bb-9766-cc326314d9f1,1.3158278999999986,1.4980852578633083e-05,1.1385115468849004e-05,42.5,9.17749663801931,5.861154556274414,1.551963645833331e-05,3.3513915699973085e-06,2.126997847156048e-06,2.0998025875486667e-05,India,IND,tamil nadu,,,Windows-10-10.0.26100-SP0,3.9.11,2.8.3,16,12th Gen Intel(R) Core(TM) i5-12500H,1.0,1 x NVIDIA GeForce RTX 3050 Laptop GPU,80.2739,13.0895,15.629745483398438,machine,N,1.0
2025-02-23T02:13:06,optimized_workflow,6dbb7199-a4b4-4683-9a3a-17e2f261435f,5b0fa12a-3dd7-45bb-9766-cc326314d9f1,0.6637461999999985,2.3601821003775224e-08,3.555850263816994e-08,42.5,5.656656041192887,5.861154556274414,7.821867638888883e-06,1.0411119440029148e-06,1.0653545488295556e-06,9.928334131721354e-06,Canada,CAN,quebec,,,Windows-10-10.0.26100-SP0,3.9.11,2.8.3,16,12th Gen Intel(R) Core(TM) i5-12500H,1.0,1 x NVIDIA GeForce RTX 3050 Laptop GPU,-71.2,46.8,15.629745483398438,machine,N,1.0
2025-02-23T04:11:44,original_workflow,0dfb2bf1-7e07-4100-9d38-54bde4d114ef,5b0fa12a-3dd7-45bb-9766-cc326314d9f1,1.3199667999999996,5.04505254341636e-08,3.822105634335925e-08,42.5,9.824990883740778,5.861154556274414,1.5510948749999992e-05,3.585836201996928e-06,2.1257162080264128e-06,2.1222501160023333e-05,Canada,CAN,quebec,,,Windows-10-10.0.26100-SP0,3.9.11,2.8.3,16,12th Gen Intel(R) Core(TM) i5-12500H,1.0,1 x NVIDIA GeForce RTX 3050 Laptop GPU,-71.2,46.8,15.629745483398438,machine,N,1.0
2025-02-23T04:11:45,optimized_workflow,20041240-89ec-4a48-8eed-0deb7d5dc443,5b0fa12a-3dd7-45bb-9766-cc326314d9f1,0.5537883999999984,3.016482261597286e-08,5.446994306123593e-08,42.5,34.91584757591329,5.861154556274414,6.483023194444442e-06,5.326393150012487e-06,8.797078509845733e-07,1.2689124195441502e-05,Canada,CAN,quebec,,,Windows-10-10.0.26100-SP0,3.9.11,2.8.3,16,12th Gen Intel(R) Core(TM) i5-12500H,1.0,1 x NVIDIA GeForce RTX 3050 Laptop GPU,-71.2,46.8,15.629745483398438,machine,N,1.0
2025-02-23T08:01:54,original_workflow,cc399113-6cc7-4ddb-b496-ea682f5ae438,5b0fa12a-3dd7-45bb-9766-cc326314d9f1,1.2975130000000004,1.4727207422433192e-05,1.1350335158440175e-05,42.5,8.98944281112847,5.861181735992432,1.5303264236111106e-05,3.236947034000043e-06,2.102290944414218e-06,2.0642502214525368e-05,India,IND,tamil nadu,,,Windows-10-10.0.26100-SP0,3.9.11,2.8.3,12,12th Gen Intel(R) Core(TM) i5-12450H,1.0,1 x NVIDIA GeForce RTX 3050 Laptop GPU,80.2739,13.0895,15.629817962646484,machine,N,1.0
2025-02-23T08:01:54,optimized_workflow,81f5ced2-23ca-407f-8872-24ec92ac65ce,5b0fa12a-3dd7-45bb-9766-cc326314d9f1,0.6517914999999999,8.229679025299921e-06,1.2626244781191414e-05,42.5,15.535459509125172,5.861181735992432,7.677876458333335e-06,2.806668911999738e-06,1.0506467833277369e-06,1.153519215366081e-05,India,IND,tamil nadu,,,Windows-10-10.0.26100-SP0,3.9.11,2.8.3,12,12th Gen Intel(R) Core(TM) i5-12450H,1.0,1 x NVIDIA GeForce RTX 3050 Laptop GPU,80.2739,13.0895,15.629817962646484,machine,N,1.0
2025-02-23T08:20:55,original_workflow,142df111-e078-415a-af81-79c8a44201c0,5b0fa12a-3dd7-45bb-9766-cc326314d9f1,1.3047570999999998,2.4072180218424367e-05,1.8449549129431348e-05,42.5,44.84297168321571,5.861181735992432,1.5389392847222225e-05,1.6238068545999622e-05,2.1134929651965328e-06,3.374095435841838e-05,India,IND,tamil nadu,,,Windows-10-10.0.26100-SP0,3.9.11,2.8.3,12,12th Gen Intel(R) Core(TM) i5-12450H,1.0,1 x NVIDIA GeForce RTX 3050 Laptop GPU,80.2739,13.0895,15.629817962646484,machine,N,1.0
2025-02-23T08:20:56,optimized_workflow,19b5dfe8-b50c-4632-bd98-8779f1c3691b,5b0fa12a-3dd7-45bb-9766-cc326314d9f1,0.5378249000000004,6.326535075513693e-08,1.176318737848264e-07,42.5,130.1305977529072,5.861181735992432,6.338840763888882e-06,1.9409737749999725e-05,8.646027807699058e-07,2.661318129465852e-05,Canada,CAN,quebec,,,Windows-10-10.0.26100-SP0,3.9.11,2.8.3,12,12th Gen Intel(R) Core(TM) i5-12450H,1.0,1 x NVIDIA GeForce RTX 3050 Laptop GPU,-71.2,46.8,15.629817962646484,machine,N,1.0
2025-02-23T08:46:38,original_workflow,2e16d98c-de8f-4a52-92e9-4a6973d5f2ab,5b0fa12a-3dd7-45bb-9766-cc326314d9f1,1.2780522999999988,2.0206002721714248e-05,1.5809996759689934e-05,42.5,31.50634784653012,5.861181735992432,1.5076300069444487e-05,1.1176675608000862e-05,2.068921608685174e-06,2.8321897286130524e-05,India,IND,tamil nadu,,,Windows-10-10.0.26100-SP0,3.9.11,2.8.3,12,12th Gen Intel(R) Core(TM) i5-12450H,1.0,1 x NVIDIA GeForce RTX 3050 Laptop GPU,80.2739,13.0895,15.629817962646484,machine,N,1.0
2025-02-23T08:46:39,optimized_workflow,59207da2-18a0-4a29-81b0-82a1b13fce03,5b0fa12a-3dd7-45bb-9766-cc326314d9f1,0.6602744999999999,3.154799986276227e-08,4.778012760262933e-08,42.5,24.16292188799304,5.861181735992432,7.782812500000002e-06,4.425003539999632e-06,1.0631550335841534e-06,1.3270971073583788e-05,Canada,CAN,quebec,,,Windows-10-10.0.26100-SP0,3.9.11,2.8.3,12,12th Gen Intel(R) Core(TM) i5-12450H,1.0,1 x NVIDIA GeForce RTX 3050 Laptop GPU,-71.2,46.8,15.629817962646484,machine,N,1.0
2025-02-23T09:12:08,original_workflow,482237fe-1c70-4565-9705-57c114f390f3,5b0fa12a-3dd7-45bb-9766-cc326314d9f1,1.2723445999999967,1.44980695823376e-05,1.1394766466834249e-05,42.5,9.2218301342143,5.861181735992432,1.5005911805555595e-05,3.25611371600025e-06,2.0593038978882267e-06,2.0321329419444072e-05,India,IND,tamil nadu,,,Windows-10-10.0.26100-SP0,3.9.11,2.8.3,12,12th Gen Intel(R) Core(TM) i5-12450H,1.0,1 x NVIDIA GeForce RTX 3050 Laptop GPU,80.2739,13.0895,15.629817962646484,machine,N,1.0
2025-02-23T09:12:09,optimized_workflow,954bc6f2-3e1a-4518-a132-bb8b6fdc8c49,5b0fa12a-3dd7-45bb-9766-cc326314d9f1,0.7745821999999976,1.623853185687047e-05,2.0964246088885754e-05,42.5,58.1021919755192,5.861181735992432,9.090242361111152e-06,1.2427787720000956e-05,1.2428315134282546e-06,2.2760861594540365e-05,India,IND,tamil nadu,,,Windows-10-10.0.26100-SP0,3.9.11,2.8.3,12,12th Gen Intel(R) Core(TM) i5-12450H,1.0,1 x NVIDIA GeForce RTX 3050 Laptop GPU,80.2739,13.0895,15.629817962646484,machine,N,1.0
2025-02-23T09:12:58,original_workflow,6476a99a-17d0-4f04-94b9-eeb5b70cbd3e,5b0fa12a-3dd7-45bb-9766-cc326314d9f1,1.2820587000000003,1.4603656272001702e-05,1.1390785985073615e-05,42.5,9.19799398141562,5.861181735992432,1.5121805763888896e-05,3.2727803959999024e-06,2.074739645611168e-06,2.0469325805499966e-05,India,IND,tamil nadu,,,Windows-10-10.0.26100-SP0,3.9.11,2.8.3,12,12th Gen Intel(R) Core(TM) i5-12450H,1.0,1 x NVIDIA GeForce RTX 3050 Laptop GPU,80.2739,13.0895,15.629817962646484,machine,N,1.0
2025-02-23T09:12:59,optimized_workflow,8c220437-2b71-4442-a510-64fd2a5e85f8,5b0fa12a-3dd7-45bb-9766-cc326314d9f1,0.6492503999999997,7.91129247186094e-06,1.2185271617639272e-05,42.5,13.478541011707923,5.861181735992432,7.627733541666662e-06,2.419168602000449e-06,1.0420210775396043e-06,1.1088923221206714e-05,India,IND,tamil nadu,,,Windows-10-10.0.26100-SP0,3.9.11,2.8.3,12,12th Gen Intel(R) Core(TM) i5-12450H,1.0,1 x NVIDIA GeForce RTX 3050 Laptop GPU,80.2739,13.0895,15.629817962646484,machine,N,1.0
2025-02-23T09:17:57,original_workflow,da9b2013-976c-467b-845c-65c4f36757cc,5b0fa12a-3dd7-45bb-9766-cc326314d9f1,1.2536784000000123,1.560747585812018e-05,1.244934574777712e-05,42.5,14.535227177058902,5.861181735992432,1.4789101597221963e-05,5.058059601999176e-06,2.0291759584697977e-06,2.187633715769094e-05,India,IND,tamil nadu,,,Windows-10-10.0.26100-SP0,3.9.11,2.8.3,12,12th Gen Intel(R) Core(TM) i5-12450H,1.0,1 x NVIDIA GeForce RTX 3050 Laptop GPU,80.2739,13.0895,15.629817962646484,machine,N,1.0
2025-02-23T09:17:58,optimized_workflow,362cfe57-7c74-48fa-af6b-0ad9a47b6224,5b0fa12a-3dd7-45bb-9766-cc326314d9f1,0.6340040000000045,1.0495394900550293e-05,1.655414618921997e-05,42.5,35.99672277388967,5.861181735992432,7.417157847222259e-06,6.2825050260000015e-06,1.011287157053954e-06,1.4710950030276214e-05,India,IND,tamil nadu,,,Windows-10-10.0.26100-SP0,3.9.11,2.8.3,12,12th Gen Intel(R) Core(TM) i5-12450H,1.0,1 x NVIDIA GeForce RTX 3050 Laptop GPU,80.2739,13.0895,15.629817962646484,machine,N,1.0
2025-02-23T09:21:12,original_workflow,66d02565-1211-4010-96f2-9f130e903cbc,5b0fa12a-3dd7-45bb-9766-cc326314d9f1,1.2887692000000008,1.5733579422422294e-05,1.220822116358948e-05,42.5,13.314963288644067,5.861181735992432,1.5202909930555552e-05,4.76305936600134e-06,2.0871218804602604e-06,2.205309117701716e-05,India,IND,tamil nadu,,,Windows-10-10.0.26100-SP0,3.9.11,2.8.3,12,12th Gen Intel(R) Core(TM) i5-12450H,1.0,1 x NVIDIA GeForce RTX 3050 Laptop GPU,80.2739,13.0895,15.629817962646484,machine,N,1.0
2025-02-23T09:21:13,optimized_workflow,01905d7e-5949-4c11-9e03-ff20c48ae306,5b0fa12a-3dd7-45bb-9766-cc326314d9f1,0.6455962999999976,8.400949569245221e-06,1.3012697825630742e-05,42.5,17.46371542854844,5.861181735992432,7.608818680555543e-06,3.1266691679996544e-06,1.0397669647303031e-06,1.17752548132855e-05,India,IND,tamil nadu,,,Windows-10-10.0.26100-SP0,3.9.11,2.8.3,12,12th Gen Intel(R) Core(TM) i5-12450H,1.0,1 x NVIDIA GeForce RTX 3050 Laptop GPU,80.2739,13.0895,15.629817962646484,machine,N,1.0
2025-02-23T09:26:01,original_workflow,27b8a995-d1de-4f54-8ba6-c19394a23e79,5b0fa12a-3dd7-45bb-9766-cc326314d9f1,1.3090793000000076,1.4527640737661143e-05,1.1097601755417763e-05,42.5,7.715456156430463,5.861181735992432,1.5440147291666695e-05,2.8030577980016347e-06,2.119572964383995e-06,2.0362778054052324e-05,India,IND,tamil nadu,,,Windows-10-10.0.26100-SP0,3.9.11,2.8.3,12,12th Gen Intel(R) Core(TM) i5-12450H,1.0,1 x NVIDIA GeForce RTX 3050 Laptop GPU,80.2739,13.0895,15.629817962646484,machine,N,1.0
2025-02-23T09:26:02,optimized_workflow,3cc195df-e43b-43ae-82ba-b27f0705d085,5b0fa12a-3dd7-45bb-9766-cc326314d9f1,1.0728507999999977,1.8774890906208768e-05,1.7500001776769712e-05,42.5,40.07407577630372,5.861181735992432,1.265162784722224e-05,1.192973176599929e-05,1.734608919857962e-06,2.6315968533079493e-05,India,IND,tamil nadu,,,Windows-10-10.0.26100-SP0,3.9.11,2.8.3,12,12th Gen Intel(R) Core(TM) i5-12450H,1.0,1 x NVIDIA GeForce RTX 3050 Laptop GPU,80.2739,13.0895,15.629817962646484,machine,N,1.0
2025-02-23T09:26:40,original_workflow,50533c9c-e43d-4370-aa1e-1441ff286e10,5b0fa12a-3dd7-45bb-9766-cc326314d9f1,1.269342599999998,1.4680329487291947e-05,1.1565301193934538e-05,42.5,10.082471991154112,5.861181735992432,1.4970819791666645e-05,3.551669507998595e-06,2.0543061007840595e-06,2.05767954004493e-05,India,IND,tamil nadu,,,Windows-10-10.0.26100-SP0,3.9.11,2.8.3,12,12th Gen Intel(R) Core(TM) i5-12450H,1.0,1 x NVIDIA GeForce RTX 3050 Laptop GPU,80.2739,13.0895,15.629817962646484,machine,N,1.0
2025-02-23T09:26:40,optimized_workflow,c5fc54d2-b1da-4d40-b26a-3cde38ce1f82,5b0fa12a-3dd7-45bb-9766-cc326314d9f1,0.5397736000000002,9.233789806018434e-06,1.7106782929025114e-05,42.5,38.21831296511272,5.861181735992432,6.35807791666666e-06,5.71778235200146e-06,8.667513923079581e-07,1.294261166097608e-05,India,IND,tamil nadu,,,Windows-10-10.0.26100-SP0,3.9.11,2.8.3,12,12th Gen Intel(R) Core(TM) i5-12450H,1.0,1 x NVIDIA GeForce RTX 3050 Laptop GPU,80.2739,13.0895,15.629817962646484,machine,N,1.0
2025-02-23T10:34:56,original_workflow,7ad694f9-9653-4fa5-b1c3-7b40051b6e4c,5b0fa12a-3dd7-45bb-9766-cc326314d9f1,1.2642822000000002,1.443709874004886e-05,1.141920588619286e-05,42.5,9.341228913679792,5.861181735992432,1.4912637291666676e-05,3.2777804000010125e-06,2.045451483287016e-06,2.0235869174954705e-05,India,IND,tamil nadu,,,Windows-10-10.0.26100-SP0,3.9.11,2.8.3,12,12th Gen Intel(R) Core(TM) i5-12450H,1.0,1 x NVIDIA GeForce RTX 3050 Laptop GPU,80.2739,13.0895,15.629817962646484,machine,N,1.0
2025-02-23T10:34:57,optimized_workflow,39e1f9f0-8767-4793-bf66-7d669933e742,5b0fa12a-3dd7-45bb-9766-cc326314d9f1,0.6760149999999996,9.774323276598394e-06,1.445873727150788e-05,42.5,24.78564623978989,5.861181735992432,7.96639243055557e-06,4.64611482800005e-06,1.0877472496635524e-06,1.3700254508219173e-05,India,IND,tamil nadu,,,Windows-10-10.0.26100-SP0,3.9.11,2.8.3,12,12th Gen Intel(R) Core(TM) i5-12450H,1.0,1 x NVIDIA GeForce RTX 3050 Laptop GPU,80.2739,13.0895,15.629817962646484,machine,N,1.0
